Model,Accuracy,Precision,Recall,F1,AUC,MCC,Training Time (s),Evaluation Time (s)
Logistic Regression Model,0.12,0.1189625750678872,0.11848809133707944,0.11786867388030993,0.5027930588220344,0.008683741629436706,0.1605970859527588,0.02397751808166504
KNN Model,0.125,0.12093597743205702,0.12278090858786271,0.11471748346179367,0.4927521383070239,0.013390632219296504,0.03249716758728027,2.379384756088257
Decision Tree Model,0.12375,0.12382681434482065,0.12319942386234407,0.12322458851357343,0.506829295108301,0.014086440159943817,0.11076974868774414,0.020435571670532227
Random Forest Model,0.10875,0.1037189792022036,0.10601913037360765,0.10228198454954654,0.486059251412696,-0.005179856591408572,1.5623254776000977,0.11729836463928223
Naive Bayes Model,0.13375,0.13266528683237527,0.1329815588935476,0.13225209391052425,0.505395171165018,0.025094061618132053,0.03588294982910156,0.026070833206176758
XGBoost Model,0.1225,0.12065239677541342,0.12089531332217862,0.11959029829064319,0.5067594527019562,0.011062450114908313,0.9763219356536865,0.035537004470825195
