Model,Accuracy,Precision,Recall,F1,AUC,MCC,Training Time (s),Evaluation Time (s)
Logistic Regression Model,0.12,0.1189625750678872,0.11848809133707944,0.11786867388030993,0.5027930588220344,0.008683741629436706,0.1038663387298584,0.021863222122192383
KNN Model,0.125,0.12093597743205702,0.12278090858786271,0.11471748346179367,0.4927521383070239,0.013390632219296504,0.030099153518676758,2.0747525691986084
Decision Tree Model,0.12375,0.12382681434482065,0.12319942386234407,0.12322458851357343,0.506829295108301,0.014086440159943817,0.09080028533935547,0.011706829071044922
Random Forest Model,0.10875,0.1037189792022036,0.10601913037360765,0.10228198454954654,0.486059251412696,-0.005179856591408572,1.6103553771972656,0.13125014305114746
Naive Bayes Model,0.13375,0.13266528683237527,0.1329815588935476,0.13225209391052425,0.505395171165018,0.025094061618132053,0.05288410186767578,0.04651641845703125
XGBoost Model,0.1225,0.12065239677541342,0.12089531332217862,0.11959029829064319,0.5067594527019562,0.011062450114908313,0.8086576461791992,0.1449451446533203
